Faixa_Etaria,prob_grow,total_recept,variation_mean,volatility,score
Adult,1.0,0.9999999999999999,0.9999999999999999,1.0,1.0
Elderly,1.0,0.49668963779502195,0.6630259938194015,0.8142272790597853,0.8079650741672967
Young,0.6666666666666665,0.06945190011661699,0.3046952902745134,0.0,0.2678842480665643
no value,0.0,0.0,0.0,0.08471846771063563,0.033887387084254254
