Categoria,prob_grow,total_recept,variation_mean,volatility,score
Mouse,1.0,1.0,0.0,1.0,0.7999999999999999
Webcam,0.7999999999999998,0.7367044433901628,0.1291411837800896,0.9204715684175436,0.658886726614821
teclado,0.7999999999999998,0.22811040845585126,0.9999999999999998,0.0,0.5884331225367553
Headset,0.5999999999999996,0.027092913268234597,0.5451442491619585,0.347428462428391,0.39189957005570103
Teclado,0.0,0.0,0.05187844114853024,0.4787958005775934,0.05825526828746539
