Categoria_Renda,prob_grow,total_recept,variation_mean,volatility,score
Alta,0.9999999999999998,1.0,0.8685593276113077,0.2638718410822092,0.8869549823916133
Media,0.6666666666666663,0.8163763477511699,0.9651383615260979,1.0,0.8494253808916306
Muito Alta,0.6666666666666663,0.7775736951065657,0.9999999999999999,0.0,0.7443628113759595
Baixa,0.0,0.0,0.0,0.06898644789374186,0.0068986447893741865
