Categoria_Cadastro,prob_grow,total_recept,variation_mean,volatility,score
old,1.0,0.260982661049477,0.09672925583926147,1.0,0.7454441172728
Average,0.7499999999999996,1.0,0.9999999999999999,0.0,0.5249999999999998
Recent,0.0,0.0,0.0,0.06386355526501575,0.0255454221060063
