,Idade, Renda_Mensal 
count,20000.0,20000.0
mean,44.8781,12233.679457
std,18.302931192967772,7401.377375851431
min,0.0,0.0
25%,30.0,5953.6875
50%,45.0,12242.97
75%,60.0,18662.72
max,75.0,24999.87
