,Populacao,PIB_PerCapita
count,10.0,10.0
mean,5613859.1,5584150.0
std,3779302.283763101,2902227.1303450926
min,159031.0,2100600.0
25%,2257105.0,3523225.0
50%,5853786.0,4794350.0
75%,8959421.5,7256225.0
max,10835264.0,11445800.0
