,Preco_Base,Custo_Base
count,60.0,60.0
mean,1662.2468333333334,1066.3173333333334
std,1874.9044761913456,1376.8181641161718
min,37.46,24.92
25%,210.0325,106.32
50%,968.1700000000001,452.82
75%,2077.2,767.05
max,6570.57,4051.74
