,Preco_Base,Custo_Base
Preco_Base,1.0,0.959400613391205
Custo_Base,0.959400613391205,1.0
