,Quantidade,Preco_Unitario,Custo_Unitario,Receita,Desconto
count,41037.0,41037.0,41037.0,41037.0,41037.0
mean,2.3772692935643445,126.18122206788995,86.44070083095743,297.43984574895825,30.005814996222917
std,1.5856413912438754,114.72684933890254,93.5137403411497,376.81031532399396,38.618614836484845
min,1.0,33.72,22.43,33.73,0.0
25%,1.0,46.28,28.07,78.32,7.78
50%,2.0,51.97,32.04,154.28,15.27
75%,3.0,176.19,95.84,334.7,35.67
max,8.0,482.22,370.97,3359.52,277.52
