,Quantidade,Preco_Unitario,Custo_Unitario,Receita,Desconto
count,50000.0,50000.0,50000.0,50000.0,50000.0
mean,2.39058,543.4672370000001,323.9279876,1309.5449772,131.0092448
std,1.597960679480776,1051.8670114847052,730.21504633063,3186.492215336415,325.6966194415656
min,1.0,33.72,22.43,33.73,0.0
25%,1.0,47.74,28.79,93.88,8.53
50%,2.0,57.605000000000004,35.58,214.25,20.6
75%,3.0,330.2525,274.0,818.1975,74.21249999999999
max,8.0,7206.77,4443.1,57042.08,6093.34
